الدوري,الفريق الأول,الفريق الثاني,الوقت,نوع المباراة,تاريخ المباراة,النتيجة
الدوري الإنجليزي,فولهام,تشيلسي,15:00,الأسبوع الثالث والثلاثون,20 أبريل 2025,1-2
الدوري الإسباني,بلد الوليد,أوساسونا,14:00,الأسبوع الثاني والثلاثون,20 أبريل 2025,2-3
الدوري الفرنسي,ليل,اوكسير,15:00,الأسبوع الثلاثون,20 أبريل 2025,3-1
الكونفيدرالية الأفريقية,سيمبا,ستيلينبوش,15:00,ذهاب نصف النهائي,20 أبريل 2025,1-0
بطولة أفريقيا للأندية للكرة الطائرة,الأهلي,الفتح الرياضي,12:00,اليوم الثاني,20 أبريل 2025,3-0
الدوري الألماني,أوجسبورج,آ. فرانكفورت,15:30,الأسبوع الثلاثون,20 أبريل 2025,0-0
دوري القسم الثاني-أ,الداخلية,السكة الحديد مودرن,15:30,الأسبوع الحادي والثلاثون,20 أبريل 2025,1-0
الدوري الإيطالي,إمبولي,فينيزيا,15:00,الأسبوع الثالث والثلاثون,20 أبريل 2025,2-2
الدوري التركي,إسطنبول باشاكشهير,غازي عنتاب بي.بي.كي,12:30,الأسبوع الثاني والثلاثون,20 أبريل 2025,2-1
الدوري التونسي,الإتحاد المنستيري,سليمان الرياضي,15:30,الأسبوع السابع والعشرون,20 أبريل 2025,3-0
الدوري الإنجليزي,توتنهام هوتسبر,نوتينجهام فورست,21:00,الأسبوع الثالث والثلاثون,21 أبريل 2025,1-2
الدوري الإسباني,جيرونا,ريال بيتيس,21:00,الأسبوع الثاني والثلاثون,21 أبريل 2025,1-3
بطولة أفريقيا للأندية للكرة الطائرة,نادي إيمانويل,ليتو,10:00,اليوم الثالث,21 أبريل 2025,0-3
دوري القسم الثاني-أ,الترسانة,بروكسي,15:30,الأسبوع الحادي والثلاثون,21 أبريل 2025,1-2
الدوري السعودي,الهلال,الشباب,17:55,الأسبوع التاسع والعشرون,21 أبريل 2025,2-2
الدوري التركي,ألانيا سبور,سامسون سبور,19:00,الأسبوع الثاني والثلاثون,21 أبريل 2025,1-0
كأس رابطة الأندية,إنبي,حرس الحدود,19:00,ذهاب دور ال8,22 أبريل 2025,2-0
الدوري الإنجليزي,مانشستر سيتي,أستون فيلا,21:00,الأسبوع الرابع والثلاثون,22 أبريل 2025,2-1
الدوري الإسباني,فالنسيا,اسبانيول,19:00,الأسبوع الثالث والثلاثون,22 أبريل 2025,1-1
الدوري الفرنسي,نانت,باريس سان جيرمان,20:45,الأسبوع التاسع والعشرون,22 أبريل 2025,1-1
بطولة أفريقيا للأندية للكرة الطائرة,نادي الجيش الرواندي,نادي إيمانويل,10:00,اليوم الرابع,22 أبريل 2025,3-0
الدوري السعودي,ضمك,النصر,18:05,الأسبوع التاسع والعشرون,22 أبريل 2025,2-3
الدوري الإماراتي,العروبة,الوحـــدة,15:55,الأسبوع الثاني والعشرون,22 أبريل 2025,1-1
كأس رابطة الأندية,الإسماعيلي,طلائع الجيش,17:00,ذهاب دور ال8,23 أبريل 2025,0-0
الدوري الإنجليزي,أرسنال,كريستال بالاس,21:00,الأسبوع الرابع والثلاثون,23 أبريل 2025,2-2
الدوري الإسباني,أتلتيك بلباو,لاس بالماس,19:00,الأسبوع الثالث والثلاثون,23 أبريل 2025,1-0
بطولة أفريقيا للأندية للكرة الطائرة,نيموستارز,الخدمات العامة,13:00,اليوم الخامس,23 أبريل 2025,2-3
الدوري الإيطالي,تورينو,أودينيزي,18:30,الأسبوع الثالث والثلاثون,23 أبريل 2025,2-0
كأس إيطاليا,إنتر ميلان,ميلان,21:00,عودة نصف النهائي,23 أبريل 2025,0-3
الدوري السعودي,الرياض,الفتح,17:55,الأسبوع التاسع والعشرون,23 أبريل 2025,2-2
الدوري المغربي,الجيش الملكي,الشباب الرياضي السالمي,21:00,الأسبوع السابع والعشرون,23 أبريل 2025,2-0
الدوري الإماراتي,الجــزيرة,اتحاد كلباء,15:55,الأسبوع الثاني والعشرون,23 أبريل 2025,1-2
الدوري التونسي,قوافل قفصة,النجم الساحلى,16:00,الأسبوع الثالث عشر,23 أبريل 2025,2-3
كأس رابطة الأندية,سيراميكا كليوباترا,بتروجيت,19:00,ذهاب دور ال8,24 أبريل 2025,4-1
الدوري الإسباني,أوساسونا,اشبيلية,19:00,الأسبوع الثالث والثلاثون,24 أبريل 2025,1-0
بطولة أفريقيا للأندية للكرة الطائرة,الاتحاد - ليبيا,السجون,13:00,اليوم السادس,24 أبريل 2025,3-1
كأس إيطاليا,بولونيا,إمبولي,21:00,عودة نصف النهائي,24 أبريل 2025,2-1
الدوري السعودي,العروبة,الفيحاء,18:30,الأسبوع التاسع والعشرون,24 أبريل 2025,2-2
دوري أبطال أفريقيا,الأهلي,ماميلودي صنداونز,19:00,عودة نصف النهائي,25 أبريل 2025,1-1
الدوري الفرنسي,باريس سان جيرمان,نيس,21:45,الأسبوع الحادي والثلاثون,25 أبريل 2025,1-3
الدوري الألماني,شتوتجارت,هايدنهايم,21:30,الأسبوع الحادي والثلاثون,25 أبريل 2025,0-1
دوري القسم الثاني-أ,كهرباء الإسماعيلية,الداخلية,16:30,الأسبوع الثاني والثلاثون,25 أبريل 2025,1-0
دوري أبطال آسيا للنخبة,الهلال,نادي غوانغجو,19:30,ربع النهائي,25 أبريل 2025,7-0
الدوري التركي,بشكتاش,هاتاي سبور,20:00,الأسبوع الثالث والثلاثون,25 أبريل 2025,5-1
الدوري البرتغالي,فاماليكاو,سبورتينج براجا,22:30,الأسبوع الحادي والثلاثون,25 أبريل 2025,1-1
الدوري الإنجليزي,تشيلسي,ايفرتون,14:30,الأسبوع الرابع والثلاثون,26 أبريل 2025,1-0
كأس الاتحاد الإنجليزي,كريستال بالاس,أستون فيلا,19:15,نصف النهائي,26 أبريل 2025,3-0
كأس ملك أسبانيا,برشلونة,ريال مدريد,23:00,النهائي,26 أبريل 2025,3-2
الدوري الفرنسي,ستراسبورج,سانت اتيان,18:00,الأسبوع الحادي والثلاثون,26 أبريل 2025,3-1
بطولة أفريقيا للأندية للكرة الطائرة,الاتحاد - ليبيا,الكاميرون الرياضي,12:00,دور الـ16,26 أبريل 2025,3-0
الدوري الألماني,هولشتاين كيل,مونشنجلادباخ,16:30,الأسبوع الحادي والثلاثون,26 أبريل 2025,4-3
دوري القسم الثاني-أ,بروكسي,أسوان,15:30,الأسبوع الثاني والثلاثون,26 أبريل 2025,1-1
دوري أبطال آسيا للنخبة,أهلي جدة,بوريرام,19:30,ربع النهائي,26 أبريل 2025,3-0
الدوري التركي,سيفاسبور,انطاليا سبور,16:00,الأسبوع الثالث والثلاثون,26 أبريل 2025,2-0
الدوري البرتغالي,سانتا كلارا,أروكا,17:30,الأسبوع الحادي والثلاثون,26 أبريل 2025,2-0
كأس الأمم الأفريقية - 20 عاما,زامبيا - شباب,سيراليون - شباب,18:00,الجولة الأولى,27 أبريل 2025,0-0
الدوري الإنجليزي,بورنموث,مانشستر يونايتد,16:00,الأسبوع الرابع والثلاثون,27 أبريل 2025,1-1
الدوري الإسباني,فياريال,اسبانيول,17:15,الأسبوع السادس والعشرون,27 أبريل 2025,1-0
كأس الاتحاد الإنجليزي,نوتينجهام فورست,مانشستر سيتي,18:30,نصف النهائي,27 أبريل 2025,0-2
الدوري الفرنسي,أنجيه,ليل,16:00,الأسبوع الحادي والثلاثون,27 أبريل 2025,0-2
الكونفيدرالية الأفريقية,ستيلينبوش,سيمبا,16:00,عودة نصف النهائي,27 أبريل 2025,0-0
بطولة أفريقيا للأندية للكرة الطائرة,الاتحاد - ليبيا,نادي الجيش الرواندي,12:00,دور الثمانية,27 أبريل 2025,1-3
الدوري الألماني,بوخوم,يونيون برلين,16:30,الأسبوع الحادي والثلاثون,27 أبريل 2025,1-1
دوري أبطال آسيا للنخبة,كاواساكي فورنتال,السد القطري,19:30,ربع النهائي,27 أبريل 2025,3-2
الدوري الإيطالي,فينيزيا,ميلان,13:30,الأسبوع الرابع والثلاثون,27 أبريل 2025,0-2
الدوري التركي,طرابزون سبور,ألانيا سبور,16:00,الأسبوع الثالث والثلاثون,27 أبريل 2025,4-3
الدوري البرتغالي,موريرنسي,ناسيونال ماديرا,17:30,الأسبوع الحادي والثلاثون,27 أبريل 2025,1-1
الدوري الإماراتي,الجــزيرة,الشــارقة,17:00,الأسبوع السادس عشر,27 أبريل 2025,1-1
الدوري المصري,الجونة,سموحة,17:00,الأسبوع الثالث,28 أبريل 2025,1-1
بطولة أفريقيا للأندية للكرة الطائرة,السويحلي,نادي الجيش الرواندي,18:30,نصف النهائي,28 أبريل 2025,3-1
الدوري الإيطالي,أودينيزي,بولونيا,19:30,الأسبوع الرابع والثلاثون,28 أبريل 2025,0-0
الدوري التركي,جوزتيبي,إسطنبول باشاكشهير,20:00,الأسبوع الثالث والثلاثون,28 أبريل 2025,4-1
الدوري البرتغالي,كازا بيا,إستوريل,22:15,الأسبوع الحادي والثلاثون,28 أبريل 2025,غير معروف
الدوري المصري,إنبي,غزل المحلة,20:00,الأسبوع الثالث,29 أبريل 2025,1-0
دوري أبطال أوروبا,أرسنال,باريس سان جيرمان,22:00,ذهاب نصف النهائي,29 أبريل 2025,0-1
بطولة أفريقيا للأندية للكرة الطائرة,الأهلي,نادي الجيش الرواندي,13:00,المركز الثالث,29 أبريل 2025,3-0
دوري القسم الثاني-أ,سبورتنج,كهرباء الإسماعيلية,16:30,الأسبوع الثالث والثلاثون,29 أبريل 2025,0-2
دوري أبطال آسيا للنخبة,الهلال,أهلي جدة,19:30,نصف النهائي,29 أبريل 2025,1-3
الدوري المصري,حرس الحدود,بيراميدز,17:00,الأسبوع الثالث,30 أبريل 2025,1-2
كأس الأمم الأفريقية - 20 عاما,جنوب افريقيا - شباب,تنزانيا - شباب,18:00,الجولة الثانية,30 أبريل 2025,1-0
دوري أبطال أوروبا,برشلونة,إنتر ميلان,22:00,ذهاب نصف النهائي,30 أبريل 2025,3-3
دوري القسم الثاني-أ,القناة,بروكسي,16:30,الأسبوع الثالث والثلاثون,30 أبريل 2025,1-0
دوري أبطال آسيا للنخبة,النصر,كاواساكي فورنتال,19:30,نصف النهائي,30 أبريل 2025,2-3
الدوري المصري,سيراميكا كليوباترا,البنك الاهلي,17:00,الأسبوع الثالث,01 مايو 2025,غير معروف
كأس الأمم الأفريقية - 20 عاما,نيجيريا - شباب,تونس - الشباب,18:00,الجولة الأولى,01 مايو 2025,غير معروف
الدوري الأوروبي,توتنهام هوتسبر,جليمت,22:00,ذهاب نصف النهائي,01 مايو 2025,غير معروف
الدوري الإنجليزي,نوتينجهام فورست,برينتفورد,21:30,الأسبوع الرابع والثلاثون,01 مايو 2025,غير معروف
دوري المؤتمر الأوروبي,يورجوردينس,تشيلسي,22:00,ذهاب نصف النهائي,01 مايو 2025,غير معروف
الدوري السعودي,الأخدود,الوحدة,19:00,الأسبوع الثلاثون,01 مايو 2025,غير معروف
الدوري المغربي,نهضة بركان,الدفاع الجديدي,22:00,الأسبوع السابع والعشرون,01 مايو 2025,غير معروف
الدوري الإماراتي,الشــارقة,بني ياس,18:30,الأسبوع العشرون,01 مايو 2025,غير معروف
